placeholder,Farm Notes
placeholder,Inhuman Entities
placeholder,Tony's Trials Edition One
placeholder,Tony's Trials Edition Two
placeholder,Tony's Trials Edition Three
placeholder,History of the Magical Wave Singer
placeholder,Wavesinger Maintenance
placeholder,Wizards of Song 1st Edition
placeholder,Wizards of Song 2nd Edition
placeholder,Flowers of Alcompas Vol. 1
placeholder,Flowers of Alcompas Vol. 2
placeholder,Flowers of Alcompas Vol. 3
placeholder,History of Farming Vol. 1
placeholder,History of Farming Vol. 2
placeholder,History of Farming Vol. 3
placeholder,Sparmaster's Handbook
placeholder,Illuminiad
placeholder,Sacri Libri I
placeholder,Sacri Libri II
placeholder,Sacri Libri III
placeholder,Sacri Libri IV
placeholder,Sacri Libri V
placeholder,Epic of the Aeons
placeholder,Phremn's Birth
placeholder,Astral Doctrine
placeholder,A Foretelling of Doom
placeholder,Three Witches Grimoire Vol. 1
placeholder,Three Witches Grimoire Vol. 2
placeholder,Three Witches Grimoire Vol. 3
placeholder,The Game of Humans Vol 1
placeholder,The Game of Humans Vol 2
placeholder,Cosmic Treatise
placeholder,Knights of Alcompas Vol 1
placeholder,Knights of Alcompas Vol 2
placeholder,Knights of Alcompas Vol 3
placeholder,Stalwarden Archives Vol 1
placeholder,Stalwarden Archives Vol 2
placeholder,Stalwarden Archives Vol 33
placeholder,Triumphs of the Eastern Hold Vol 1
placeholder,Triumphs of the Eastern Hold Vol 2
placeholder,Triumphs of the Eastern Hold Vol 3
placeholder,Triumphs of the Eastern Hold Vol 4
placeholder,The Epitaph of the Old World Part 1
placeholder,The Epitaph of the Old World Part 2
placeholder,Our Days in the Sun Vol 1
placeholder,Our Days in the Sun Vol 2
placeholder,Our Days in the Sun Vol 3
placeholder,Our Days in the Sun Vol 4
placeholder,A Book on Sprites 1
placeholder,A Book on Sprites 2
placeholder,A Book on Sprites 3
placeholder,Aviary Wonders 1
placeholder,Aviary Wonders 2
placeholder,Aviary Wonders 3
placeholder,Alcompian Ornithologist 1
placeholder,Alcompian Ornithologist 2
placeholder,Fisherman's Guide to Rivers
placeholder,Fisherman's Guide to Lakes
placeholder,Fisherman's Guide to Oceans
placeholder,Mother Sea
placeholder,Sphera's Wake
placeholder,The Burgeoning Storm
placeholder,Molten Sphera
