placeholder,Thornton Verdman
placeholder,Darlene Verdman
placeholder,Calahad Verdman
placeholder,Percival Stalwarden
placeholder,Osiris Stalwarden
placeholder,Ginius Stalwarden
placeholder,Victor Stalwarden
placeholder,Marina Stalwarden
placeholder,Theresa Stalwarden
placeholder,Richie Stalwarden
placeholder,Juda Stalwarden
placeholder,Florana Foamhyde
placeholder,Artemis Foamhyde
placeholder,Diane Foamhyde
placeholder,Salvador Foamhyde
placeholder,Coral Foamhyde
placeholder,Martin Foamhyde
placeholder,Netalia Beachfoot
placeholder,Fisher Beachfoot
placeholder,Rodney Beachfoot
placeholder,Sandy Beachfoot
placeholder,Locklan Beachfoot
placeholder,Gil Beachfoot
placeholder,Shelley Beachfoot
placeholder,Plum Fennet
placeholder,Harris Fennet
placeholder,Camila Fennet
placeholder,Yves Fennet
placeholder,Vesper Fennet
placeholder,Welliam Fennet
placeholder,Madeleine Fennet
placeholder,Maria Fennet
placeholder,Narcus Lancer
placeholder,Bruto Lancer
placeholder,Elzia Lancer
placeholder,Blithe Verstol
placeholder,Drabley Verstol
placeholder,Babatha Verstol
placeholder,Dim Verstol
placeholder,Pernicia Verstol
placeholder,Xandra Senut
placeholder,May Senut
placeholder,Cyril Senut
placeholder,Marco Senut
placeholder,Medley Senut
placeholder,Dudley Senut
placeholder,Sheena Armaker
placeholder,Matt Armaker
placeholder,Stormy Armaker
placeholder,Sebastion Armaker
placeholder,Smithy Armaker
placeholder,Varna Armaker
placeholder,Valkyria Armaker
placeholder,Woodrow Bushward
placeholder,Ivy Bushward
placeholder,Rose Bushward
placeholder,Violet Bushward
placeholder,Marigold Bushward
placeholder,Daisy Bushward
placeholder,Basil Bushward
placeholder,Skyla Stonegrasp
placeholder,Hunter Stonegrasp
placeholder,Hilda Stonegrasp
placeholder,Sturgill Stonegrasp
placeholder,Mona Stonegrasp
placeholder,Mercurio Gallant
placeholder,Indigo Myst
placeholder,Marcus Bladesman
placeholder,Naima Hartseer
